Image_quality,Number_of_images,Product_price,Seller_latitude,Seller_longitude,Delivery_price_proportion,Click_probability,Surprise_feature
2.0,4.0,36.33,-1.5,-4.4,1.0,0.35,10
3.0,4.0,48.82,-0.4,-2.2,0.99,0.46,5
4.0,5.0,21.75,0.0,3.1,0.08,0.45,9
0.0,4.0,26.86,-0.4,-11.3,1.0,0.07,16
2.0,5.0,46.2,-0.6,-7.0,1.0,0.37,9
4.0,4.0,25.56,-1.0,1.4,0.35,0.41,11
3.0,7.0,33.18,-1.8,0.1,0.73,0.45,13
5.0,4.0,25.92,-1.2,6.1,0.0,0.55,1
5.0,5.0,23.75,-0.6,5.7,0.01,0.54,2
3.0,5.0,26.15,-1.1,0.8,0.53,0.41,15
5.0,6.0,23.58,-0.6,5.7,0.01,0.55,16
5.0,5.0,26.16,-1.3,5.6,0.01,0.55,11
3.0,4.0,34.13,-1.7,-2.5,0.99,0.37,9
3.0,5.0,23.37,-0.4,-1.4,0.96,0.32,10
3.0,4.0,41.28,-1.3,-3.2,1.0,0.4,16
2.0,4.0,45.98,-0.6,-8.9,1.0,0.32,6
4.0,4.0,28.48,-1.6,4.0,0.03,0.49,11
3.0,4.0,30.67,-1.7,0.9,0.48,0.43,0
4.0,5.0,39.64,-1.7,2.8,0.11,0.52,8
5.0,6.0,22.74,-0.3,5.4,0.01,0.54,0
2.0,5.0,18.85,0.7,-3.1,1.0,0.2,3
3.0,6.0,17.36,1.2,-1.5,0.97,0.24,9
3.0,5.0,37.87,-1.7,-0.0,0.75,0.46,8
4.0,5.0,36.05,-1.9,2.1,0.21,0.49,13
3.0,5.0,35.55,-1.8,0.7,0.54,0.46,1
4.0,5.0,22.18,-0.1,1.6,0.31,0.41,16
3.0,4.0,17.43,1.3,-0.3,0.82,0.29,11
3.0,5.0,21.61,0.1,0.2,0.7,0.36,14
2.0,4.0,30.01,-1.3,-4.3,1.0,0.3,14
5.0,3.0,30.31,-2.0,6.3,0.0,0.56,5
2.0,5.0,32.03,-1.5,-3.8,1.0,0.33,8
3.0,6.0,16.45,1.4,-1.3,0.96,0.23,15
5.0,5.0,26.61,-1.4,7.2,0.0,0.59,0
3.0,5.0,16.47,1.6,0.0,0.74,0.29,1
4.0,3.0,44.42,-1.1,2.5,0.15,0.52,1
3.0,6.0,31.2,-1.6,-2.1,0.99,0.37,17
4.0,3.0,28.5,-1.5,1.9,0.25,0.43,3
2.0,5.0,20.82,0.3,-2.7,1.0,0.24,10
2.0,5.0,27.65,-1.1,-3.2,1.0,0.31,0
3.0,5.0,23.1,-0.3,-1.1,0.93,0.32,18
2.0,4.0,37.89,-1.5,-4.2,1.0,0.36,4
2.0,6.0,16.06,1.3,-2.4,0.99,0.17,5
4.0,5.0,27.55,-1.4,1.3,0.38,0.43,11
3.0,3.0,27.92,-1.4,0.6,0.57,0.39,16
4.0,5.0,44.11,-1.2,6.1,0.0,0.6,3
2.0,5.0,22.94,-0.2,-3.6,1.0,0.24,19
5.0,5.0,21.17,0.3,6.2,0.0,0.57,6
2.0,5.0,38.48,-1.4,-5.0,1.0,0.35,8
3.0,5.0,22.31,-0.1,-1.6,0.97,0.3,17
2.0,5.0,20.83,0.3,-2.7,1.0,0.25,0
2.0,4.0,26.86,-0.8,-6.2,1.0,0.21,2
5.0,4.0,25.97,-1.3,8.1,0.0,0.61,11
2.0,5.0,29.42,-1.2,-5.7,1.0,0.26,18
3.0,4.0,27.55,-1.3,0.5,0.61,0.39,10
3.0,2.0,18.08,1.1,-1.1,0.94,0.24,11
5.0,5.0,35.57,-2.3,10.6,0.0,0.68,11
1.0,4.0,30.05,-0.8,-10.4,1.0,0.14,5
3.0,6.0,32.41,-1.7,-1.4,0.96,0.4,17
1.0,5.0,25.06,-0.6,-6.4,1.0,0.19,0
5.0,5.0,26.06,-1.3,5.9,0.01,0.55,8
5.0,7.0,27.45,-1.5,4.9,0.01,0.54,18
3.0,3.0,15.06,1.6,-1.1,0.93,0.19,10
2.0,5.0,43.35,-1.0,-5.0,1.0,0.39,19
3.0,6.0,19.63,0.6,-0.7,0.88,0.31,11
4.0,6.0,41.66,-1.4,1.5,0.32,0.51,8
3.0,6.0,29.7,-1.5,-1.3,0.95,0.38,6
2.0,4.0,20.73,0.2,-4.5,1.0,0.17,2
3.0,7.0,29.52,-1.4,-3.1,1.0,0.34,2
1.0,4.0,22.22,-0.1,-5.9,1.0,0.15,13
4.0,5.0,34.19,-2.0,3.4,0.06,0.51,15
2.0,6.0,49.26,-0.2,-9.3,1.0,0.36,0
4.0,5.0,25.36,-1.0,3.0,0.09,0.47,11
3.0,6.0,40.96,-1.4,0.3,0.66,0.49,11
4.0,6.0,23.3,-0.4,1.7,0.29,0.42,4
2.0,5.0,23.92,-0.4,-3.8,1.0,0.25,6
6.0,6.0,24.01,-0.7,8.0,0.0,0.63,8
5.0,5.0,28.34,-1.7,5.5,0.01,0.55,13
2.0,7.0,20.49,0.3,-3.7,1.0,0.22,10
5.0,7.0,46.65,-0.9,13.1,0.0,0.75,10
4.0,6.0,22.69,-0.2,1.1,0.45,0.4,6
4.0,5.0,23.39,-0.4,1.0,0.45,0.4,10
2.0,6.0,31.43,-1.3,-6.0,1.0,0.28,8
4.0,5.0,24.1,-0.6,1.2,0.41,0.41,10
2.0,5.0,24.34,-0.5,-5.1,1.0,0.22,16
4.0,5.0,30.62,-1.8,3.1,0.09,0.49,9
4.0,4.0,43.54,-1.2,1.7,0.29,0.5,3
4.0,5.0,33.87,-2.1,5.0,0.01,0.54,11
4.0,7.0,39.04,-1.8,5.2,0.01,0.58,5
2.0,5.0,25.25,-0.7,-3.5,1.0,0.28,9
4.0,4.0,27.44,-1.5,4.4,0.02,0.5,19
3.0,6.0,17.16,1.4,-0.3,0.81,0.31,19
3.0,6.0,45.41,-0.8,-3.3,1.0,0.44,0
2.0,5.0,27.12,-1.0,-3.4,1.0,0.3,5
3.0,6.0,18.7,0.8,-1.9,0.98,0.25,10
5.0,6.0,23.12,-0.4,4.7,0.02,0.53,6
4.0,7.0,43.92,-1.2,4.2,0.03,0.58,7
2.0,8.0,27.17,-1.1,-3.1,1.0,0.33,6
3.0,6.0,27.71,-1.4,0.9,0.5,0.42,1
6.0,5.0,32.79,-2.5,14.0,0.0,0.76,19
3.0,5.0,28.6,-1.4,-0.5,0.85,0.39,0
4.0,6.0,24.46,-0.7,1.2,0.42,0.42,14
3.0,5.0,32.04,-1.6,-2.5,0.99,0.37,15
3.0,4.0,35.26,-1.7,-2.2,0.99,0.39,13
4.0,5.0,26.15,-1.1,1.2,0.42,0.41,13
3.0,5.0,28.7,-1.3,-3.1,1.0,0.32,17
2.0,7.0,37.04,-1.2,-7.9,1.0,0.3,10
3.0,6.0,34.99,-1.8,-0.3,0.83,0.44,14
4.0,5.0,20.25,0.5,1.4,0.35,0.39,13
4.0,6.0,26.04,-1.1,1.6,0.31,0.44,17
3.0,5.0,25.87,-1.0,-0.3,0.81,0.37,4
4.0,5.0,31.93,-1.9,1.8,0.27,0.47,4
4.0,4.0,21.63,0.1,3.7,0.05,0.47,2
4.0,6.0,20.43,0.5,1.7,0.28,0.41,16
4.0,5.0,22.4,-0.2,1.1,0.44,0.39,0
4.0,4.0,14.3,2.0,0.9,0.5,0.32,14
5.0,6.0,28.72,-1.9,8.1,0.0,0.62,9
5.0,4.0,28.49,-1.7,6.2,0.0,0.55,3
3.0,5.0,34.03,-1.7,-1.7,0.98,0.4,14
3.0,7.0,30.92,-1.6,-1.0,0.92,0.41,2
4.0,3.0,34.06,-2.1,5.4,0.01,0.54,17
3.0,5.0,28.88,-1.5,0.5,0.61,0.41,16
3.0,4.0,23.12,-0.3,0.1,0.72,0.35,7
2.0,5.0,23.7,-0.3,-5.8,1.0,0.18,0
3.0,5.0,35.67,-1.7,-2.3,0.99,0.39,0
2.0,6.0,44.85,-0.7,-7.4,1.0,0.36,2
5.0,6.0,43.05,-1.4,7.8,0.0,0.64,2
4.0,3.0,26.41,-1.3,4.6,0.02,0.5,10
4.0,4.0,22.22,-0.1,1.0,0.47,0.37,16
4.0,5.0,33.91,-2.0,4.2,0.03,0.53,0
5.0,5.0,34.43,-2.1,6.1,0.0,0.58,3
3.0,4.0,17.42,1.2,-1.7,0.98,0.22,4
4.0,4.0,34.46,-2.0,4.1,0.03,0.52,15
4.0,5.0,27.36,-1.3,1.3,0.39,0.43,19
2.0,4.0,43.09,-1.0,-5.5,1.0,0.37,17
3.0,5.0,27.04,-1.2,0.3,0.68,0.4,10
4.0,5.0,29.45,-1.6,1.4,0.35,0.44,10
3.0,5.0,32.54,-1.7,-0.6,0.87,0.41,5
4.0,4.0,21.95,-0.0,2.4,0.17,0.43,13
4.0,5.0,21.34,0.2,3.0,0.09,0.45,7
4.0,6.0,31.56,-1.8,2.0,0.22,0.48,11
1.0,6.0,33.35,-1.2,-8.3,1.0,0.24,18
4.0,6.0,29.33,-1.7,3.8,0.04,0.52,10
3.0,3.0,20.01,0.5,-1.1,0.94,0.28,15
2.0,6.0,28.04,-1.1,-4.7,1.0,0.28,2
3.0,5.0,22.82,-0.2,-1.7,0.98,0.3,14
3.0,6.0,26.5,-1.1,0.4,0.65,0.4,4
4.0,5.0,34.57,-1.9,2.4,0.16,0.49,13
4.0,7.0,33.76,-2.0,2.7,0.12,0.51,7
2.0,6.0,24.48,-0.6,-3.8,1.0,0.26,19
2.0,3.0,29.85,-1.1,-7.3,1.0,0.21,12
5.0,5.0,28.32,-1.7,6.2,0.0,0.57,17
3.0,5.0,28.58,-1.3,-2.5,0.99,0.34,1
3.0,4.0,35.56,-1.8,0.6,0.58,0.44,12
3.0,6.0,34.55,-1.8,-0.5,0.85,0.44,6
3.0,6.0,33.24,-1.6,-2.7,1.0,0.37,0
2.0,6.0,28.58,-1.2,-4.6,1.0,0.29,0
2.0,6.0,27.87,-1.0,-5.7,1.0,0.25,1
4.0,5.0,20.29,0.6,3.5,0.06,0.47,1
4.0,5.0,19.77,0.7,3.3,0.07,0.46,18
1.0,5.0,38.87,-1.0,-10.6,1.0,0.24,13
1.0,5.0,30.36,-1.1,-7.9,1.0,0.22,12
4.0,6.0,33.36,-1.9,1.7,0.29,0.48,5
3.0,6.0,24.35,-0.6,-1.6,0.97,0.33,0
3.0,5.0,37.72,-1.7,0.1,0.73,0.45,10
3.0,4.0,20.38,0.4,-1.1,0.93,0.29,14
3.0,5.0,30.31,-1.6,0.0,0.74,0.42,6
2.0,6.0,38.08,-1.5,-3.9,1.0,0.38,0
2.0,5.0,31.28,-1.5,-3.7,1.0,0.33,13
3.0,6.0,18.05,1.0,-1.4,0.96,0.27,3
1.0,4.0,27.69,-0.7,-9.6,1.0,0.13,10
2.0,6.0,35.66,-1.5,-4.5,1.0,0.35,1
1.0,4.0,16.64,0.9,-4.5,1.0,0.07,15
2.0,5.0,26.92,-1.0,-3.4,1.0,0.3,0
5.0,6.0,29.97,-2.0,7.1,0.0,0.6,12
3.0,6.0,33.58,-1.9,0.8,0.51,0.46,7
4.0,4.0,30.87,-1.8,1.6,0.31,0.45,6
3.0,6.0,32.47,-1.6,-2.6,1.0,0.37,7
3.0,5.0,26.42,-1.1,-0.2,0.8,0.38,18
4.0,5.0,30.41,-1.7,1.2,0.42,0.44,12
4.0,4.0,33.2,-2.1,4.8,0.02,0.53,2
3.0,4.0,33.12,-1.7,-1.2,0.94,0.39,14
2.0,6.0,33.51,-1.5,-4.6,1.0,0.33,12
4.0,5.0,34.71,-1.9,1.9,0.23,0.48,13
4.0,5.0,32.29,-1.8,1.1,0.43,0.45,12
3.0,5.0,33.09,-1.6,-2.7,1.0,0.37,6
4.0,6.0,43.26,-1.3,6.1,0.0,0.61,10
4.0,4.0,30.57,-1.9,4.0,0.04,0.5,8
2.0,5.0,24.16,-0.5,-3.4,1.0,0.26,15
3.0,4.0,33.73,-1.8,-0.2,0.8,0.42,9
3.0,6.0,21.55,0.1,0.1,0.72,0.36,12
4.0,4.0,25.43,-1.0,3.9,0.04,0.49,19
3.0,4.0,23.86,-0.5,0.7,0.56,0.38,11
3.0,4.0,26.78,-1.1,-0.8,0.9,0.36,6
3.0,6.0,26.39,-1.1,-0.5,0.85,0.38,3
2.0,6.0,27.99,-1.2,-3.6,1.0,0.31,7
5.0,4.0,24.9,-1.0,5.8,0.01,0.54,14
4.0,6.0,28.41,-1.5,2.0,0.23,0.46,19
4.0,4.0,21.12,0.2,1.0,0.45,0.37,15
5.0,5.0,44.73,-1.2,10.5,0.0,0.68,17
5.0,6.0,24.52,-0.8,5.6,0.01,0.55,16
2.0,5.0,26.03,-0.9,-3.4,1.0,0.29,13
2.0,5.0,27.1,-1.0,-3.7,1.0,0.29,17
2.0,4.0,32.76,-1.4,-5.9,1.0,0.28,3
2.0,5.0,21.78,0.0,-4.0,1.0,0.22,9
5.0,4.0,28.23,-1.8,8.6,0.0,0.62,6
2.0,5.0,23.42,-0.3,-5.5,1.0,0.19,9
3.0,4.0,18.19,1.1,-0.2,0.8,0.3,8
2.0,5.0,35.1,-1.4,-6.2,1.0,0.3,5
4.0,4.0,28.12,-1.5,1.8,0.25,0.44,5
5.0,4.0,21.98,-0.0,6.5,0.0,0.56,7
2.0,6.0,34.46,-1.5,-4.8,1.0,0.33,13
2.0,4.0,29.46,-1.1,-6.5,1.0,0.23,19
4.0,5.0,27.43,-1.4,2.0,0.22,0.45,1
4.0,5.0,33.9,-2.1,5.5,0.01,0.56,8
4.0,5.0,39.1,-1.7,1.8,0.26,0.5,8
4.0,5.0,19.87,0.7,1.9,0.25,0.41,12
3.0,6.0,23.79,-0.5,-1.3,0.96,0.33,1
3.0,6.0,17.08,1.4,0.1,0.73,0.32,14
3.0,6.0,23.16,-0.3,-1.1,0.94,0.34,2
3.0,4.0,39.37,-1.5,-1.8,0.98,0.41,6
4.0,3.0,30.72,-1.8,1.4,0.36,0.43,5
3.0,5.0,20.25,0.4,-1.5,0.97,0.28,0
4.0,4.0,44.04,-1.1,3.2,0.08,0.54,13
4.0,5.0,20.99,0.3,3.6,0.05,0.47,1
3.0,5.0,27.68,-1.4,0.9,0.5,0.42,9
2.0,4.0,33.65,-1.3,-7.2,1.0,0.26,19
3.0,4.0,19.61,0.7,0.6,0.58,0.34,8
1.0,5.0,35.71,-0.8,-12.7,1.0,0.16,2
3.0,6.0,31.46,-1.8,0.8,0.53,0.44,18
3.0,5.0,46.61,-0.6,-4.2,1.0,0.42,16
5.0,5.0,23.69,-0.6,5.3,0.01,0.53,14
3.0,6.0,41.8,-1.2,-3.4,1.0,0.42,0
2.0,4.0,30.1,-1.3,-4.6,1.0,0.28,0
4.0,4.0,17.96,1.3,1.5,0.34,0.37,14
4.0,6.0,21.58,0.1,2.7,0.12,0.45,15
3.0,5.0,38.82,-1.6,-0.1,0.78,0.46,2
2.0,5.0,53.07,0.2,-8.8,1.0,0.38,3
4.0,5.0,27.09,-1.3,2.7,0.12,0.47,9
3.0,7.0,64.2,1.4,-1.3,0.95,0.57,4
4.0,6.0,26.35,-1.2,2.2,0.18,0.46,7
3.0,5.0,29.37,-1.6,0.9,0.49,0.43,10
2.0,5.0,45.04,-0.7,-7.2,1.0,0.36,3
4.0,6.0,31.6,-1.9,2.1,0.21,0.48,1
2.0,5.0,33.98,-1.5,-4.8,1.0,0.32,13
3.0,5.0,23.82,-0.5,-0.1,0.78,0.37,3
1.0,7.0,27.58,-0.6,-10.3,1.0,0.13,4
3.0,4.0,24.53,-0.7,-0.6,0.88,0.35,7
4.0,6.0,20.36,0.5,2.6,0.13,0.44,10
4.0,6.0,19.18,0.9,1.0,0.47,0.37,7
4.0,6.0,34.07,-1.9,2.1,0.21,0.49,7
3.0,5.0,39.41,-1.4,-3.6,1.0,0.38,6
5.0,5.0,33.72,-2.3,10.0,0.0,0.66,17
3.0,5.0,32.52,-1.7,-1.0,0.93,0.4,17
4.0,5.0,24.38,-0.7,2.8,0.12,0.46,19
3.0,4.0,32.3,-1.8,-0.1,0.78,0.42,7
2.0,6.0,21.05,0.2,-2.9,1.0,0.25,2
5.0,5.0,24.55,-0.8,5.1,0.01,0.53,4
5.0,4.0,27.84,-1.6,6.0,0.01,0.55,0
3.0,4.0,31.6,-1.8,0.7,0.57,0.43,7
2.0,5.0,26.63,-0.9,-3.9,1.0,0.28,12
3.0,4.0,27.02,-1.1,-2.1,0.99,0.32,17
2.0,6.0,29.42,-1.3,-4.3,1.0,0.3,2
5.0,5.0,12.94,1.8,1.7,0.28,0.43,3
3.0,7.0,15.62,1.8,0.4,0.64,0.32,2
4.0,5.0,26.98,-1.3,2.4,0.16,0.45,0
4.0,5.0,19.82,0.7,1.8,0.27,0.4,2
2.0,5.0,35.47,-1.3,-7.6,1.0,0.28,18
3.0,5.0,29.35,-1.4,-1.9,0.98,0.36,0
4.0,5.0,23.4,-0.4,1.4,0.35,0.41,0
3.0,3.0,28.07,-1.4,-0.1,0.76,0.38,13
3.0,6.0,22.66,-0.2,-1.0,0.92,0.33,0
3.0,5.0,24.93,-0.7,-1.7,0.98,0.32,8
4.0,5.0,21.89,0.0,1.0,0.45,0.38,4
3.0,3.0,49.4,-0.3,-0.9,0.92,0.48,19
3.0,5.0,24.43,-0.6,-1.3,0.95,0.33,15
3.0,5.0,31.34,-1.7,0.2,0.7,0.43,10
4.0,4.0,28.19,-1.5,3.0,0.09,0.47,18
4.0,6.0,36.36,-1.9,3.6,0.05,0.53,6
2.0,7.0,32.88,-1.5,-4.5,1.0,0.34,17
3.0,5.0,30.49,-1.6,-0.4,0.84,0.4,4
2.0,7.0,14.21,1.4,-2.1,0.99,0.14,5
4.0,4.0,24.25,-0.7,1.7,0.28,0.42,5
3.0,7.0,23.29,-0.4,-0.6,0.88,0.36,16
4.0,6.0,23.52,-0.5,1.2,0.41,0.41,10
3.0,6.0,29.91,-1.6,0.6,0.58,0.43,8
1.0,5.0,20.93,0.2,-6.5,1.0,0.11,9
4.0,6.0,27.66,-1.4,2.1,0.2,0.46,18
3.0,6.0,33.67,-1.7,-1.6,0.97,0.4,0
4.0,8.0,29.29,-1.6,1.5,0.32,0.47,7
1.0,6.0,31.53,-0.9,-10.4,1.0,0.18,12
3.0,5.0,20.07,0.5,-0.1,0.77,0.33,7
2.0,5.0,28.44,-1.2,-3.9,1.0,0.3,1
4.0,4.0,28.78,-1.7,3.8,0.04,0.49,1
4.0,4.0,27.59,-1.5,4.5,0.02,0.51,8
2.0,4.0,42.95,-1.0,-4.5,1.0,0.38,11
4.0,6.0,32.63,-2.0,3.8,0.04,0.53,15
3.0,5.0,16.38,1.6,0.0,0.75,0.3,6
2.0,4.0,36.79,-1.3,-7.1,1.0,0.29,6
2.0,5.0,39.87,-1.3,-5.3,1.0,0.36,19
2.0,6.0,28.65,-1.3,-3.3,1.0,0.32,4
4.0,6.0,40.9,-1.5,2.3,0.17,0.52,3
3.0,6.0,44.14,-1.0,-0.0,0.76,0.49,13
1.0,8.0,30.74,-1.1,-8.0,1.0,0.24,11
3.0,4.0,32.55,-1.8,0.5,0.62,0.43,14
4.0,4.0,25.71,-1.0,1.9,0.24,0.42,8
4.0,5.0,23.4,-0.5,4.0,0.03,0.49,12
3.0,7.0,26.14,-0.9,-2.5,0.99,0.33,19
2.0,6.0,33.42,-1.5,-4.5,1.0,0.34,4
3.0,4.0,23.57,-0.4,-0.7,0.89,0.33,16
5.0,4.0,27.05,-1.6,8.1,0.0,0.6,11
3.0,6.0,20.07,0.5,-0.2,0.79,0.34,10
5.0,5.0,34.32,-2.1,6.1,0.0,0.58,2
3.0,6.0,33.39,-1.9,0.9,0.49,0.46,12
3.0,7.0,21.11,0.2,-0.9,0.91,0.33,8
4.0,5.0,24.44,-0.7,2.1,0.21,0.44,13
3.0,5.0,16.48,1.6,0.4,0.64,0.31,8
4.0,5.0,32.07,-1.9,2.9,0.1,0.49,10
3.0,5.0,31.49,-1.5,-3.1,1.0,0.35,17
5.0,6.0,49.29,-0.4,11.7,0.0,0.73,14
4.0,2.0,34.6,-2.1,5.5,0.01,0.53,8
1.0,4.0,48.68,-0.2,-15.3,1.0,0.23,10
3.0,5.0,26.84,-1.1,-0.9,0.91,0.37,11
2.0,7.0,33.6,-1.5,-4.1,1.0,0.36,0
4.0,5.0,22.14,-0.1,3.9,0.04,0.49,6
1.0,6.0,26.77,-0.7,-7.3,1.0,0.19,4
3.0,4.0,21.07,0.2,-1.9,0.98,0.26,18
5.0,5.0,19.78,0.8,4.8,0.02,0.52,5
3.0,4.0,29.24,-1.5,-0.5,0.85,0.38,16
3.0,5.0,30.54,-1.6,-1.3,0.95,0.38,2
2.0,5.0,29.71,-1.3,-4.1,1.0,0.3,15
3.0,4.0,47.69,-0.5,-3.3,1.0,0.44,2
4.0,4.0,37.91,-1.8,3.1,0.08,0.51,4
6.0,5.0,24.38,-0.9,9.3,0.0,0.65,15
3.0,5.0,44.6,-1.0,0.2,0.69,0.5,11
3.0,6.0,21.29,0.2,-1.6,0.97,0.3,19
4.0,3.0,25.83,-1.1,2.4,0.16,0.43,1
3.0,5.0,23.28,-0.3,-2.0,0.99,0.3,7
3.0,6.0,29.76,-1.5,-0.9,0.92,0.39,15
3.0,5.0,37.66,-1.7,-0.5,0.85,0.44,5
3.0,4.0,17.71,1.2,0.0,0.75,0.31,12
4.0,4.0,25.13,-0.9,1.4,0.37,0.41,11
3.0,3.0,35.32,-1.8,-0.5,0.85,0.41,17
4.0,8.0,29.84,-1.7,2.4,0.16,0.49,2
3.0,5.0,32.6,-1.7,-0.9,0.92,0.41,15
5.0,5.0,27.28,-1.6,7.7,0.0,0.6,10
5.0,5.0,25.31,-1.1,5.7,0.01,0.55,5
2.0,4.0,21.93,-0.0,-2.6,0.99,0.26,4
4.0,5.0,25.84,-1.1,3.6,0.05,0.48,6
2.0,5.0,31.42,-1.3,-6.3,1.0,0.27,11
2.0,6.0,29.73,-1.1,-6.8,1.0,0.25,15
6.0,4.0,30.17,-2.1,10.4,0.0,0.66,9
3.0,5.0,23.44,-0.4,-2.0,0.99,0.3,0
3.0,5.0,23.36,-0.4,-1.3,0.95,0.32,3
2.0,3.0,24.47,-0.5,-5.6,1.0,0.18,11
3.0,5.0,46.08,-0.7,-2.0,0.99,0.46,4
4.0,6.0,22.93,-0.3,3.4,0.06,0.48,14
3.0,5.0,47.95,-0.5,-2.2,0.99,0.47,16
2.0,6.0,26.08,-0.8,-5.0,1.0,0.25,19
2.0,5.0,25.25,-0.6,-5.1,1.0,0.22,14
3.0,4.0,28.13,-1.3,-0.9,0.92,0.37,16
3.0,5.0,24.95,-0.8,0.5,0.61,0.39,9
3.0,4.0,29.49,-1.6,0.3,0.67,0.41,13
3.0,4.0,24.21,-0.6,0.5,0.61,0.37,16
3.0,5.0,26.42,-1.1,0.2,0.71,0.39,10
3.0,4.0,29.64,-1.4,-2.5,0.99,0.33,6
2.0,5.0,22.96,-0.3,-2.8,1.0,0.27,19
3.0,5.0,15.84,1.5,-1.3,0.95,0.22,15
4.0,4.0,27.76,-1.5,3.3,0.07,0.47,2
6.0,5.0,23.61,-0.6,8.7,0.0,0.64,7
2.0,6.0,19.11,0.7,-2.7,1.0,0.23,6
3.0,4.0,19.27,0.7,-1.6,0.97,0.25,2
4.0,6.0,37.89,-1.8,3.2,0.07,0.53,11
2.0,5.0,44.99,-0.7,-6.8,1.0,0.36,15
4.0,6.0,19.79,0.7,2.8,0.11,0.45,14
3.0,7.0,44.24,-1.1,0.9,0.5,0.52,16
3.0,5.0,21.93,-0.0,-1.7,0.98,0.3,2
4.0,6.0,21.05,0.3,3.5,0.06,0.48,11
2.0,7.0,31.8,-1.5,-4.2,1.0,0.33,2
3.0,2.0,25.55,-0.9,-1.3,0.96,0.32,7
4.0,5.0,36.03,-1.8,1.3,0.38,0.47,3
2.0,5.0,25.42,-0.8,-3.1,1.0,0.29,9
1.0,5.0,31.07,-1.0,-9.0,1.0,0.2,17
2.0,3.0,32.12,-1.5,-4.3,1.0,0.3,9
3.0,5.0,18.94,0.9,0.1,0.73,0.32,14
4.0,6.0,28.47,-1.5,2.0,0.23,0.46,8
3.0,5.0,33.52,-1.8,-0.1,0.77,0.43,7
1.0,5.0,38.86,-1.0,-10.2,1.0,0.25,0
2.0,5.0,39.25,-1.3,-5.1,1.0,0.36,15
1.0,5.0,29.98,-1.0,-8.1,1.0,0.2,12
3.0,5.0,24.58,-0.7,-0.3,0.82,0.36,17
3.0,6.0,22.68,-0.2,-2.4,0.99,0.29,11
2.0,4.0,28.67,-1.1,-6.3,1.0,0.23,13
1.0,4.0,22.25,-0.1,-5.7,1.0,0.16,7
4.0,5.0,23.17,-0.4,2.7,0.13,0.45,2
4.0,5.0,33.77,-2.1,5.0,0.01,0.55,14
4.0,4.0,38.78,-1.8,3.8,0.04,0.53,9
3.0,5.0,35.43,-1.8,-0.1,0.77,0.44,0
4.0,4.0,37.65,-1.9,3.1,0.08,0.51,14
3.0,7.0,23.25,-0.3,-1.8,0.98,0.32,11
2.0,5.0,31.24,-1.5,-4.0,1.0,0.32,18
2.0,3.0,22.37,-0.1,-5.2,1.0,0.16,2
4.0,5.0,33.92,-1.9,2.3,0.17,0.49,4
4.0,5.0,18.08,1.3,2.2,0.19,0.41,0
4.0,5.0,35.36,-1.9,1.9,0.25,0.48,9
2.0,4.0,23.37,-0.3,-3.1,1.0,0.25,4
4.0,4.0,23.35,-0.5,3.3,0.07,0.46,17
5.0,6.0,25.51,-1.1,4.8,0.02,0.53,17
4.0,6.0,24.3,-0.7,0.9,0.49,0.41,1
2.0,4.0,22.24,-0.1,-2.9,1.0,0.25,17
3.0,5.0,13.54,1.6,-0.6,0.88,0.19,6
3.0,4.0,29.04,-1.5,0.6,0.59,0.41,17
3.0,5.0,37.69,-1.7,-0.1,0.78,0.46,3
5.0,4.0,16.64,1.8,3.2,0.08,0.45,3
5.0,6.0,23.2,-0.4,4.7,0.02,0.53,6
2.0,4.0,32.87,-1.3,-6.5,1.0,0.27,6
2.0,6.0,22.26,-0.1,-3.8,1.0,0.24,0
3.0,5.0,36.36,-1.6,-3.0,1.0,0.38,11
2.0,3.0,18.74,0.7,-3.2,1.0,0.18,15
1.0,5.0,38.1,-1.1,-9.1,1.0,0.27,1
3.0,6.0,15.29,1.6,-1.0,0.92,0.23,14
2.0,6.0,30.0,-1.3,-5.2,1.0,0.29,17
6.0,5.0,25.57,-1.2,9.6,0.0,0.66,6
4.0,5.0,40.89,-1.5,1.6,0.32,0.5,8
4.0,5.0,31.05,-1.9,4.5,0.02,0.53,17
2.0,5.0,26.69,-0.9,-4.0,1.0,0.27,12
1.0,6.0,16.04,1.0,-4.1,1.0,0.08,15
2.0,7.0,36.1,-1.3,-6.9,1.0,0.31,18
3.0,3.0,21.84,0.0,-1.4,0.96,0.29,4
2.0,6.0,27.47,-1.0,-4.4,1.0,0.28,2
4.0,6.0,31.37,-1.9,2.9,0.11,0.5,0
3.0,4.0,36.21,-1.8,0.5,0.62,0.45,19
3.0,5.0,22.7,-0.2,-0.8,0.91,0.33,2
4.0,8.0,15.42,2.0,1.9,0.23,0.42,4
3.0,4.0,33.88,-1.8,-0.5,0.86,0.41,4
1.0,5.0,16.14,1.1,-3.7,1.0,0.1,8
2.0,5.0,25.47,-0.7,-4.6,1.0,0.25,6
3.0,4.0,25.79,-0.9,-1.6,0.97,0.33,3
4.0,5.0,42.62,-1.4,6.5,0.0,0.61,0
3.0,6.0,25.72,-1.0,-0.2,0.79,0.38,18
5.0,4.0,25.65,-1.2,6.4,0.0,0.56,10
5.0,6.0,13.79,2.1,1.7,0.29,0.4,16
2.0,6.0,42.2,-1.1,-5.6,1.0,0.37,9
2.0,4.0,30.2,-1.4,-3.6,1.0,0.31,19
2.0,4.0,36.92,-1.3,-7.5,1.0,0.28,15
2.0,4.0,34.7,-1.6,-3.7,1.0,0.35,14
3.0,4.0,30.18,-1.6,-0.9,0.91,0.38,19
3.0,5.0,27.5,-1.2,-2.2,0.99,0.33,17
3.0,7.0,15.62,1.6,-0.5,0.87,0.27,10
2.0,4.0,43.48,-0.8,-9.6,1.0,0.29,1
4.0,6.0,22.58,-0.2,2.2,0.19,0.44,3
4.0,4.0,17.1,1.6,2.7,0.12,0.43,16
4.0,4.0,17.87,1.3,1.9,0.24,0.39,0
4.0,6.0,18.02,1.2,1.4,0.36,0.38,13
3.0,7.0,36.47,-1.6,-2.8,1.0,0.41,6
4.0,4.0,25.14,-0.9,2.7,0.12,0.45,1
4.0,4.0,33.6,-2.1,4.7,0.02,0.53,3
2.0,4.0,31.0,-1.4,-3.8,1.0,0.31,0
5.0,5.0,18.1,1.4,4.3,0.03,0.51,3
4.0,5.0,33.2,-1.9,1.7,0.28,0.47,3
2.0,6.0,37.48,-1.4,-4.6,1.0,0.37,9
2.0,5.0,18.42,0.8,-3.2,1.0,0.18,14
3.0,4.0,22.42,-0.1,-2.1,0.99,0.27,1
2.0,7.0,15.15,1.3,-2.5,0.99,0.14,15
5.0,5.0,25.02,-1.0,4.6,0.02,0.51,13
3.0,3.0,22.14,-0.1,-1.3,0.95,0.29,0
4.0,5.0,39.27,-1.8,5.6,0.01,0.57,15
4.0,5.0,36.15,-2.1,5.6,0.01,0.57,12
6.0,7.0,40.57,-2.0,16.8,0.0,0.82,8
4.0,5.0,30.78,-1.8,2.7,0.12,0.49,10
2.0,4.0,43.1,-1.0,-5.5,1.0,0.37,15
1.0,5.0,40.08,-0.9,-11.2,1.0,0.24,7
4.0,4.0,18.95,1.0,3.2,0.08,0.44,10
2.0,7.0,37.84,-1.3,-6.2,1.0,0.34,5
4.0,5.0,32.21,-2.0,3.3,0.07,0.5,1
4.0,6.0,30.04,-1.8,3.1,0.08,0.5,12
2.0,5.0,21.96,-0.0,-3.4,1.0,0.24,11
3.0,4.0,32.25,-1.8,0.8,0.51,0.44,9
3.0,3.0,30.77,-1.7,0.4,0.64,0.41,3
3.0,4.0,24.47,-0.7,-0.0,0.76,0.36,1
4.0,6.0,37.84,-1.8,2.7,0.12,0.52,16
4.0,4.0,38.75,-1.8,3.1,0.09,0.51,14
3.0,5.0,20.54,0.4,-0.5,0.87,0.32,1
4.0,5.0,36.46,-2.0,4.1,0.03,0.54,11
3.0,6.0,22.66,-0.2,-0.6,0.88,0.34,1
3.0,5.0,28.45,-1.4,-0.4,0.83,0.39,6
4.0,8.0,47.73,-0.6,3.6,0.05,0.6,5
5.0,4.0,20.84,0.4,4.5,0.02,0.5,8
2.0,5.0,45.54,-0.7,-4.9,1.0,0.4,3
5.0,4.0,32.66,-2.3,9.0,0.0,0.63,15
3.0,5.0,36.41,-1.8,1.1,0.43,0.47,18
5.0,5.0,15.64,2.1,3.1,0.08,0.46,5
4.0,4.0,20.59,0.4,2.8,0.11,0.43,0
3.0,4.0,16.32,1.5,-0.9,0.91,0.24,9
2.0,5.0,30.53,-1.4,-3.5,1.0,0.33,8
3.0,4.0,28.28,-1.2,-2.9,1.0,0.31,16
3.0,4.0,15.61,1.7,-0.1,0.76,0.28,17
4.0,5.0,29.17,-1.6,1.8,0.26,0.45,0
4.0,6.0,33.3,-2.0,2.9,0.1,0.51,10
3.0,5.0,18.6,0.9,-0.9,0.91,0.28,0
3.0,3.0,34.05,-1.7,-1.7,0.98,0.38,13
3.0,4.0,21.38,0.2,0.6,0.57,0.36,8
3.0,6.0,30.06,-1.6,0.3,0.66,0.43,4
3.0,5.0,52.77,0.2,1.3,0.39,0.55,6
4.0,2.0,31.53,-1.9,3.0,0.09,0.47,19
3.0,3.0,26.86,-1.1,-2.1,0.99,0.31,10
4.0,4.0,21.29,0.2,0.9,0.5,0.37,18
4.0,6.0,20.63,0.4,3.5,0.06,0.47,5
1.0,3.0,20.01,0.4,-5.1,1.0,0.13,8
3.0,5.0,22.77,-0.2,-1.3,0.95,0.31,17
2.0,5.0,28.03,-1.1,-5.0,1.0,0.26,17
3.0,6.0,17.78,1.1,-1.2,0.94,0.27,4
3.0,4.0,35.25,-1.6,-2.7,1.0,0.38,0
4.0,5.0,26.3,-1.2,2.3,0.18,0.45,12
3.0,5.0,24.45,-0.7,-0.3,0.82,0.36,0
3.0,6.0,25.58,-0.9,-0.6,0.87,0.38,8
4.0,4.0,20.87,0.3,3.4,0.06,0.45,15
3.0,5.0,35.67,-1.7,-0.9,0.91,0.42,13
2.0,8.0,27.96,-0.9,-6.7,1.0,0.25,10
4.0,3.0,30.18,-1.9,4.3,0.03,0.5,5
4.0,5.0,22.66,-0.2,1.0,0.46,0.39,10
2.0,6.0,24.18,-0.5,-4.4,1.0,0.25,17
2.0,7.0,36.48,-1.4,-6.1,1.0,0.33,11
3.0,4.0,35.16,-1.8,0.3,0.66,0.44,19
4.0,4.0,39.52,-1.7,2.9,0.11,0.51,2
4.0,3.0,39.95,-1.7,5.5,0.01,0.56,7
6.0,6.0,32.14,-2.3,10.2,0.0,0.68,5
3.0,5.0,25.89,-1.0,-0.2,0.8,0.37,13
4.0,4.0,39.56,-1.7,2.3,0.17,0.5,18
3.0,6.0,17.61,1.1,-1.7,0.98,0.24,9
5.0,6.0,20.61,0.5,4.0,0.04,0.49,14
2.0,4.0,25.97,-0.9,-3.3,1.0,0.28,11
4.0,4.0,28.47,-1.6,4.0,0.04,0.5,7
2.0,7.0,25.19,-0.7,-3.0,1.0,0.3,12
2.0,6.0,29.7,-1.2,-6.0,1.0,0.27,2
5.0,6.0,28.78,-1.8,6.5,0.0,0.58,9
5.0,5.0,29.47,-1.9,7.1,0.0,0.59,5
4.0,6.0,30.61,-1.9,3.8,0.04,0.52,7
3.0,6.0,18.09,1.1,-1.0,0.93,0.28,7
3.0,6.0,15.36,1.6,-0.9,0.91,0.24,9
6.0,4.0,33.03,-2.4,11.4,0.0,0.69,4
1.0,5.0,16.69,1.0,-4.1,1.0,0.1,14
4.0,3.0,27.31,-1.3,1.7,0.29,0.42,14
4.0,3.0,29.74,-1.7,2.5,0.14,0.46,6
3.0,5.0,25.21,-0.8,-1.2,0.94,0.34,16
5.0,5.0,23.26,-0.5,4.8,0.02,0.51,7
5.0,7.0,27.65,-1.6,6.6,0.0,0.59,9
4.0,5.0,31.53,-2.0,5.5,0.01,0.56,16
2.0,5.0,26.52,-0.9,-4.2,1.0,0.27,19
4.0,6.0,42.92,-1.3,4.8,0.02,0.58,4
4.0,3.0,31.28,-2.0,4.5,0.02,0.51,2
4.0,4.0,25.04,-0.9,1.2,0.42,0.4,12
4.0,4.0,20.9,0.3,1.5,0.32,0.39,13
4.0,5.0,30.67,-1.8,2.7,0.12,0.48,17
3.0,6.0,37.3,-1.7,-1.2,0.94,0.44,9
2.0,7.0,36.78,-1.2,-8.2,1.0,0.29,2
4.0,5.0,24.53,-0.7,1.0,0.45,0.4,18
4.0,6.0,27.18,-1.4,3.7,0.05,0.5,17
4.0,7.0,20.26,0.5,2.7,0.12,0.45,7
3.0,5.0,24.36,-0.7,-0.2,0.79,0.37,1
2.0,6.0,24.63,-0.5,-5.7,1.0,0.21,4
2.0,4.0,46.88,-0.5,-10.0,1.0,0.31,3
4.0,5.0,32.62,-1.9,2.4,0.15,0.48,12
4.0,5.0,28.45,-1.7,4.8,0.02,0.53,6
3.0,7.0,48.52,-0.4,-1.5,0.97,0.5,13
2.0,5.0,34.74,-1.5,-4.6,1.0,0.34,17
2.0,5.0,36.33,-1.3,-7.6,1.0,0.29,2
3.0,6.0,23.98,-0.5,-2.4,0.99,0.3,2
4.0,6.0,30.84,-1.9,4.7,0.02,0.54,7
2.0,7.0,41.52,-0.9,-9.1,1.0,0.31,6
2.0,5.0,20.68,0.3,-2.6,1.0,0.25,19
3.0,5.0,24.84,-0.8,-0.2,0.79,0.37,1
4.0,5.0,27.71,-1.5,3.2,0.08,0.48,2
5.0,4.0,35.97,-2.1,7.3,0.0,0.6,6
4.0,5.0,28.95,-1.6,2.9,0.1,0.48,17
3.0,4.0,27.34,-1.1,-2.6,0.99,0.31,8
1.0,5.0,21.75,0.0,-6.7,1.0,0.12,2
3.0,4.0,16.6,1.4,-1.3,0.96,0.22,2
4.0,6.0,28.75,-1.6,2.0,0.23,0.46,8
2.0,3.0,31.65,-1.4,-5.1,1.0,0.28,5
5.0,5.0,24.58,-0.9,7.4,0.0,0.6,17
5.0,3.0,29.52,-1.9,6.5,0.0,0.56,14
3.0,6.0,32.44,-1.7,-1.6,0.97,0.4,19
3.0,6.0,43.3,-1.1,-1.5,0.97,0.46,12
4.0,4.0,19.89,0.6,1.7,0.29,0.39,0
3.0,5.0,20.52,0.4,-1.8,0.98,0.27,15
3.0,6.0,26.83,-1.1,-1.7,0.98,0.35,8
3.0,4.0,39.44,-1.5,-1.0,0.93,0.43,12
1.0,6.0,30.51,-1.1,-8.1,1.0,0.23,17
3.0,6.0,24.33,-0.7,0.2,0.69,0.39,19
3.0,6.0,27.74,-1.3,0.5,0.62,0.41,4
3.0,4.0,31.68,-1.8,0.3,0.68,0.42,2
2.0,5.0,21.54,0.1,-3.1,1.0,0.24,8
1.0,4.0,29.77,-0.9,-9.2,1.0,0.17,4
5.0,5.0,22.2,-0.1,6.0,0.0,0.56,6
3.0,5.0,42.75,-1.2,-1.3,0.96,0.45,7
5.0,4.0,29.16,-1.8,5.2,0.01,0.53,13
3.0,4.0,27.98,-1.3,-1.6,0.97,0.34,9
4.0,5.0,30.75,-1.8,1.5,0.32,0.45,3
4.0,5.0,20.36,0.5,3.5,0.06,0.46,19
2.0,7.0,31.33,-1.5,-3.4,1.0,0.35,0
3.0,5.0,30.54,-1.5,-2.0,0.99,0.36,14
4.0,5.0,26.54,-1.2,2.7,0.13,0.46,1
3.0,6.0,28.06,-1.4,-0.3,0.82,0.4,19
2.0,4.0,47.24,-0.5,-6.3,1.0,0.38,5
3.0,3.0,21.36,0.1,-1.0,0.93,0.3,18
4.0,5.0,23.64,-0.5,3.2,0.08,0.47,9
3.0,7.0,32.27,-1.7,-0.5,0.86,0.43,10
3.0,6.0,34.64,-1.9,1.1,0.43,0.47,8
2.0,5.0,22.59,-0.2,-4.2,1.0,0.22,14
3.0,5.0,24.59,-0.7,0.8,0.53,0.39,2
5.0,5.0,43.33,-1.4,7.4,0.0,0.62,17
3.0,5.0,33.73,-1.7,-2.4,0.99,0.38,0
0.0,5.0,21.34,0.0,-9.9,1.0,0.0,12
2.0,5.0,24.22,-0.5,-2.7,1.0,0.28,1
4.0,3.0,28.5,-1.6,3.7,0.05,0.48,18
4.0,5.0,24.32,-0.7,1.9,0.24,0.43,8
2.0,5.0,23.43,-0.4,-3.4,1.0,0.26,11
2.0,4.0,21.19,0.2,-2.3,0.99,0.26,6
2.0,6.0,36.61,-1.4,-5.5,1.0,0.34,7
4.0,8.0,38.73,-1.8,3.0,0.09,0.55,0
3.0,5.0,30.97,-1.7,-0.2,0.8,0.41,0
4.0,5.0,30.57,-1.9,3.6,0.05,0.5,5
2.0,4.0,51.23,-0.0,-9.6,1.0,0.35,13
4.0,5.0,31.91,-2.0,4.6,0.02,0.54,7
1.0,5.0,24.07,-0.3,-8.6,1.0,0.1,8
4.0,6.0,29.02,-1.7,2.9,0.11,0.49,4
3.0,7.0,22.58,-0.2,0.2,0.71,0.38,16
4.0,4.0,36.34,-1.9,2.3,0.17,0.49,6
2.0,5.0,20.37,0.4,-3.2,1.0,0.22,0
3.0,5.0,22.64,-0.2,-1.8,0.98,0.3,1
4.0,5.0,29.95,-1.9,4.6,0.02,0.53,7
3.0,6.0,37.24,-1.7,-0.7,0.88,0.44,1
3.0,4.0,27.65,-1.3,-0.6,0.88,0.37,2
3.0,5.0,41.68,-1.4,0.4,0.65,0.48,5
4.0,5.0,40.72,-1.6,3.7,0.05,0.55,11
2.0,5.0,23.06,-0.2,-4.5,1.0,0.21,8
5.0,7.0,20.14,0.6,4.3,0.03,0.52,2
4.0,6.0,31.88,-2.0,4.7,0.02,0.54,15
4.0,4.0,32.1,-2.1,5.5,0.01,0.55,14
4.0,5.0,22.66,-0.3,3.8,0.04,0.48,12
4.0,3.0,19.75,0.7,2.4,0.16,0.4,19
3.0,6.0,26.44,-1.0,-2.5,0.99,0.33,1
4.0,7.0,25.87,-1.1,2.1,0.21,0.46,10
4.0,6.0,26.81,-1.3,3.1,0.09,0.48,16
3.0,5.0,35.02,-1.7,-0.9,0.91,0.42,11
2.0,5.0,23.81,-0.4,-5.1,1.0,0.21,15
4.0,5.0,26.47,-1.2,2.6,0.13,0.46,11
3.0,6.0,26.62,-1.2,0.8,0.52,0.42,8
2.0,6.0,16.02,1.3,-2.1,0.99,0.18,18
4.0,5.0,38.52,-1.7,1.7,0.28,0.5,1
3.0,5.0,33.83,-1.9,1.0,0.45,0.45,18
2.0,3.0,29.57,-1.2,-5.6,1.0,0.25,1
1.0,4.0,26.1,-0.5,-9.6,1.0,0.1,6
6.0,4.0,20.4,0.6,8.5,0.0,0.65,12
4.0,7.0,23.27,-0.4,2.4,0.16,0.46,2
3.0,5.0,23.11,-0.3,-2.0,0.99,0.29,7
4.0,6.0,16.87,1.6,1.4,0.35,0.39,16
3.0,3.0,26.49,-1.0,-1.9,0.98,0.32,14
3.0,5.0,34.68,-1.7,-2.0,0.99,0.39,17
3.0,5.0,24.02,-0.6,-0.7,0.89,0.35,8
3.0,5.0,27.98,-1.4,0.8,0.53,0.42,8
4.0,5.0,25.72,-1.1,2.9,0.1,0.46,17
3.0,4.0,29.29,-1.4,-1.7,0.98,0.35,1
3.0,6.0,27.82,-1.4,0.3,0.66,0.41,14
2.0,5.0,13.17,1.3,-1.1,0.94,0.13,19
3.0,4.0,28.44,-1.3,-2.8,1.0,0.31,10
3.0,6.0,22.99,-0.3,-0.6,0.87,0.35,15
4.0,5.0,23.58,-0.5,1.7,0.29,0.42,3
3.0,6.0,33.89,-1.7,-1.4,0.96,0.41,17
3.0,3.0,27.05,-1.2,-0.7,0.89,0.36,13
5.0,6.0,23.46,-0.5,5.9,0.01,0.56,8
3.0,4.0,31.14,-1.7,-0.1,0.78,0.41,7
2.0,6.0,20.97,0.2,-2.9,1.0,0.25,11
3.0,3.0,32.76,-1.7,-1.6,0.97,0.37,8
5.0,5.0,27.7,-1.6,5.1,0.01,0.53,15
4.0,4.0,27.33,-1.4,2.7,0.13,0.46,10
3.0,6.0,32.02,-1.8,0.9,0.5,0.45,4
3.0,4.0,22.72,-0.2,-0.7,0.89,0.32,19
3.0,4.0,30.33,-1.5,-1.8,0.98,0.36,9
3.0,6.0,20.22,0.5,-0.4,0.85,0.33,2
4.0,4.0,33.77,-2.1,5.7,0.01,0.55,2
4.0,5.0,30.2,-1.8,2.5,0.15,0.47,11
2.0,5.0,24.28,-0.5,-3.9,1.0,0.25,8
3.0,7.0,28.35,-1.4,-0.8,0.9,0.4,5
4.0,4.0,29.31,-1.6,1.6,0.31,0.43,17
3.0,5.0,26.39,-1.1,-0.7,0.89,0.36,7
4.0,5.0,35.84,-2.0,4.0,0.04,0.53,18
4.0,3.0,29.78,-1.7,1.4,0.36,0.43,1
2.0,7.0,19.81,0.5,-2.5,0.99,0.25,17
3.0,4.0,35.45,-1.7,-0.8,0.91,0.42,17
4.0,5.0,26.06,-1.2,3.7,0.05,0.49,6
2.0,6.0,29.71,-1.2,-5.3,1.0,0.28,1
3.0,5.0,33.73,-1.7,-1.5,0.97,0.39,18
3.0,4.0,15.36,1.7,-0.4,0.84,0.25,11
4.0,4.0,29.98,-1.7,1.4,0.35,0.43,7
3.0,6.0,24.48,-0.6,-1.9,0.98,0.33,14
5.0,5.0,25.4,-1.1,4.9,0.02,0.52,18
3.0,5.0,38.67,-1.6,-1.0,0.93,0.44,15
5.0,3.0,18.82,1.1,3.8,0.04,0.47,3
3.0,7.0,29.91,-1.6,-0.4,0.84,0.41,15
3.0,4.0,25.13,-0.8,-1.5,0.97,0.32,15
2.0,7.0,28.69,-1.1,-5.1,1.0,0.28,1
2.0,5.0,30.52,-1.3,-5.5,1.0,0.28,15
3.0,6.0,43.61,-1.1,0.4,0.63,0.5,16
3.0,5.0,24.01,-0.6,-0.1,0.76,0.37,13
4.0,3.0,16.76,1.5,0.6,0.59,0.31,10
3.0,4.0,28.53,-1.4,-1.3,0.95,0.35,16
4.0,5.0,22.24,-0.1,2.6,0.13,0.44,8
4.0,5.0,27.13,-1.4,4.3,0.03,0.51,10
3.0,6.0,40.86,-1.4,0.1,0.74,0.48,19
3.0,6.0,35.72,-1.8,0.3,0.67,0.46,9
4.0,5.0,26.56,-1.3,4.6,0.02,0.52,17
3.0,4.0,32.42,-1.8,0.1,0.72,0.42,15
5.0,6.0,41.52,-1.8,11.7,0.0,0.71,13
4.0,5.0,32.56,-1.9,1.8,0.27,0.47,2
3.0,4.0,20.88,0.3,-0.1,0.78,0.33,3
4.0,3.0,18.43,1.1,1.1,0.43,0.35,11
2.0,5.0,46.26,-0.6,-5.1,1.0,0.41,3
2.0,6.0,26.14,-0.7,-6.0,1.0,0.23,6
3.0,5.0,24.99,-0.7,-2.1,0.99,0.31,1
3.0,5.0,29.2,-1.6,0.7,0.55,0.42,4
4.0,4.0,18.93,0.9,1.3,0.39,0.36,14
4.0,6.0,32.15,-1.9,2.5,0.14,0.5,6
5.0,6.0,31.09,-2.2,8.8,0.0,0.64,1
3.0,4.0,29.61,-1.6,0.7,0.55,0.41,6
3.0,4.0,26.02,-0.9,-2.2,0.99,0.31,5
3.0,4.0,30.96,-1.7,0.4,0.65,0.42,13
4.0,5.0,18.86,1.0,1.3,0.38,0.38,15
4.0,6.0,24.75,-0.8,1.9,0.24,0.44,17
2.0,5.0,23.75,-0.4,-4.1,1.0,0.24,14
2.0,5.0,17.25,1.1,-2.3,0.99,0.2,13
4.0,5.0,22.5,-0.2,4.0,0.04,0.48,18
3.0,6.0,29.94,-1.6,-0.1,0.78,0.41,5
5.0,4.0,51.51,0.0,7.9,0.0,0.64,1
3.0,6.0,27.55,-1.3,0.1,0.72,0.4,10
4.0,6.0,26.52,-1.2,2.5,0.15,0.46,4
2.0,7.0,18.67,0.8,-3.2,1.0,0.21,7
3.0,6.0,33.22,-1.8,-0.1,0.76,0.43,19
3.0,5.0,51.71,0.0,1.2,0.41,0.54,10
4.0,6.0,38.74,-1.7,1.8,0.26,0.5,11
3.0,6.0,49.79,-0.3,1.3,0.38,0.55,4
4.0,6.0,29.16,-1.8,4.6,0.02,0.53,3
4.0,3.0,20.3,0.5,1.1,0.43,0.36,3
5.0,5.0,21.16,0.3,4.5,0.02,0.51,8
3.0,4.0,23.19,-0.3,-2.1,0.99,0.29,9
3.0,4.0,26.69,-1.1,-2.0,0.99,0.32,8
4.0,5.0,26.75,-1.3,4.0,0.04,0.5,11
3.0,5.0,26.77,-1.1,-2.0,0.99,0.34,15
4.0,4.0,22.07,-0.1,0.8,0.52,0.37,19
4.0,7.0,22.86,-0.3,3.2,0.07,0.49,7
4.0,5.0,14.13,1.9,0.4,0.66,0.28,8
3.0,3.0,27.11,-1.2,-0.3,0.82,0.37,15
3.0,4.0,21.47,0.1,-1.8,0.98,0.28,8
4.0,4.0,18.34,1.2,2.5,0.15,0.42,5
2.0,4.0,25.11,-0.6,-4.7,1.0,0.23,6
4.0,5.0,30.64,-1.8,2.0,0.22,0.47,4
3.0,4.0,35.99,-1.7,-0.6,0.87,0.43,9
3.0,7.0,33.42,-1.7,-1.4,0.96,0.42,16
3.0,6.0,31.03,-1.5,-2.6,1.0,0.36,16
3.0,5.0,43.98,-0.9,-4.0,1.0,0.41,18
3.0,6.0,28.86,-1.5,0.2,0.7,0.41,11
3.0,4.0,18.79,0.9,-0.1,0.77,0.31,2
2.0,3.0,37.41,-1.4,-6.0,1.0,0.31,13
3.0,6.0,27.97,-1.3,-1.1,0.93,0.38,14
3.0,6.0,21.99,-0.0,0.0,0.75,0.36,16
3.0,7.0,22.72,-0.2,-1.7,0.98,0.32,3
2.0,6.0,28.31,-1.0,-6.8,1.0,0.23,10
4.0,4.0,28.25,-1.5,1.1,0.44,0.42,4
4.0,5.0,27.26,-1.3,1.1,0.44,0.42,4
2.0,6.0,29.0,-1.1,-5.7,1.0,0.26,2
3.0,6.0,35.26,-1.7,-1.2,0.94,0.42,13
4.0,5.0,29.22,-1.6,1.2,0.41,0.44,14
3.0,5.0,35.44,-1.8,0.2,0.7,0.44,2
4.0,8.0,29.36,-1.6,1.5,0.34,0.47,4
1.0,6.0,27.36,-0.7,-8.6,1.0,0.16,18
2.0,6.0,22.98,-0.2,-3.9,1.0,0.25,13
3.0,6.0,16.49,1.4,-1.4,0.96,0.23,1
3.0,5.0,25.28,-0.8,-0.5,0.85,0.37,12
2.0,4.0,37.19,-1.4,-4.9,1.0,0.33,1
3.0,4.0,24.04,-0.6,-0.2,0.8,0.35,6
3.0,6.0,27.16,-1.1,-2.6,1.0,0.33,8
2.0,5.0,20.54,0.3,-2.7,1.0,0.25,16
3.0,6.0,36.37,-1.7,-1.6,0.97,0.42,1
3.0,6.0,50.02,-0.2,-3.6,1.0,0.46,6
3.0,7.0,25.3,-0.8,-0.9,0.92,0.37,8
4.0,6.0,18.0,1.2,0.8,0.52,0.36,13
3.0,6.0,28.32,-1.4,-0.3,0.82,0.4,8
1.0,5.0,25.97,-0.4,-10.1,1.0,0.09,14
2.0,4.0,29.45,-1.3,-4.7,1.0,0.28,0
4.0,6.0,32.95,-2.0,3.5,0.06,0.52,10
4.0,5.0,22.91,-0.3,1.0,0.47,0.39,8
3.0,6.0,26.21,-1.1,0.6,0.59,0.41,1
4.0,4.0,33.27,-2.0,4.1,0.03,0.52,13
4.0,4.0,27.0,-1.3,3.3,0.07,0.47,15
3.0,3.0,22.67,-0.2,-0.3,0.81,0.33,10
3.0,6.0,33.15,-1.8,-0.6,0.88,0.43,12
3.0,5.0,29.98,-1.6,0.0,0.74,0.41,10
5.0,5.0,19.54,0.8,3.6,0.05,0.47,6
2.0,4.0,33.24,-1.5,-4.9,1.0,0.31,3
1.0,6.0,29.41,-0.6,-11.3,1.0,0.13,8
3.0,4.0,54.37,0.4,-3.2,1.0,0.47,4
3.0,4.0,24.75,-0.7,-0.1,0.78,0.36,17
4.0,5.0,15.97,1.9,2.4,0.15,0.42,9
4.0,5.0,27.53,-1.4,3.3,0.07,0.49,4
3.0,5.0,23.4,-0.4,-1.5,0.97,0.32,1
4.0,4.0,30.0,-1.8,2.7,0.12,0.47,10
2.0,6.0,27.82,-1.1,-4.3,1.0,0.29,18
4.0,4.0,20.19,0.6,2.9,0.1,0.44,4
2.0,5.0,22.95,-0.3,-2.6,1.0,0.27,16
4.0,4.0,48.47,-0.5,2.9,0.11,0.55,12
2.0,4.0,35.59,-1.4,-5.8,1.0,0.31,12
4.0,4.0,30.29,-1.7,2.0,0.23,0.45,11
4.0,6.0,39.05,-1.8,4.5,0.02,0.56,12
4.0,5.0,21.99,-0.0,0.8,0.53,0.38,1
3.0,5.0,38.86,-1.5,-2.1,0.99,0.41,7
1.0,4.0,21.88,0.0,-6.7,1.0,0.12,6
3.0,4.0,38.66,-1.6,0.2,0.69,0.46,16
3.0,6.0,33.97,-1.8,0.4,0.64,0.45,18
4.0,4.0,42.61,-1.4,5.4,0.01,0.57,18
4.0,6.0,22.55,-0.2,3.5,0.06,0.49,13
2.0,4.0,25.96,-0.8,-3.7,1.0,0.27,19
3.0,5.0,29.25,-1.5,0.1,0.73,0.41,1
3.0,5.0,33.07,-1.7,-2.0,0.99,0.38,4
3.0,5.0,30.94,-1.7,0.1,0.72,0.42,8
5.0,6.0,26.08,-1.3,6.9,0.0,0.59,2
3.0,5.0,47.37,-0.5,-4.2,1.0,0.43,10
4.0,5.0,31.29,-1.9,3.0,0.1,0.49,18
4.0,6.0,19.31,0.8,1.8,0.27,0.41,12
3.0,4.0,32.6,-1.7,-1.9,0.98,0.37,16
4.0,6.0,41.21,-1.6,5.2,0.01,0.58,19
5.0,6.0,37.49,-2.0,7.0,0.0,0.61,5
3.0,4.0,24.25,-0.6,0.4,0.63,0.37,6
4.0,6.0,29.34,-1.7,2.4,0.15,0.48,4
4.0,5.0,38.08,-1.8,2.9,0.1,0.51,15
4.0,4.0,31.78,-1.8,1.4,0.35,0.45,14
5.0,5.0,31.09,-2.1,7.7,0.0,0.6,3
3.0,5.0,32.1,-1.8,0.0,0.74,0.42,7
5.0,6.0,35.12,-2.1,6.3,0.0,0.59,13
2.0,6.0,33.55,-1.3,-7.5,1.0,0.27,7
2.0,3.0,28.38,-1.2,-3.8,1.0,0.28,10
3.0,5.0,23.3,-0.3,-2.5,0.99,0.29,14
4.0,6.0,26.52,-1.2,1.7,0.29,0.44,11
2.0,6.0,43.99,-0.8,-7.3,1.0,0.36,7
4.0,5.0,24.11,-0.6,1.0,0.46,0.4,14
2.0,6.0,35.54,-1.6,-3.7,1.0,0.37,3
2.0,3.0,30.41,-1.3,-5.8,1.0,0.25,1
3.0,5.0,31.44,-1.5,-2.8,1.0,0.35,10
3.0,4.0,23.63,-0.5,-0.1,0.78,0.36,17
4.0,4.0,22.33,-0.1,2.7,0.13,0.43,19
2.0,4.0,34.67,-1.6,-3.9,1.0,0.35,7
3.0,6.0,52.89,0.2,-0.1,0.78,0.53,0
2.0,5.0,24.7,-0.6,-4.8,1.0,0.23,8
2.0,6.0,29.8,-1.2,-6.2,1.0,0.26,14
3.0,6.0,25.36,-0.8,-2.0,0.99,0.33,3
3.0,5.0,28.56,-1.5,0.4,0.65,0.41,8
3.0,6.0,20.99,0.2,-1.6,0.97,0.29,11
3.0,5.0,24.96,-0.7,-1.4,0.96,0.33,13
5.0,4.0,48.69,-0.5,10.5,0.0,0.69,1
2.0,6.0,36.58,-1.4,-6.2,1.0,0.32,0
3.0,4.0,37.35,-1.6,-1.9,0.98,0.4,18
3.0,6.0,39.08,-1.5,-1.2,0.94,0.44,0
3.0,4.0,31.21,-1.6,-2.3,0.99,0.36,3
4.0,5.0,29.58,-1.7,3.4,0.06,0.49,17
3.0,6.0,46.29,-0.7,-2.6,1.0,0.46,16
4.0,4.0,35.22,-1.9,2.6,0.14,0.49,1
4.0,4.0,32.6,-1.9,2.2,0.19,0.47,7
4.0,4.0,31.77,-2.0,3.8,0.04,0.5,14
4.0,4.0,24.12,-0.6,1.1,0.43,0.39,2
3.0,5.0,27.5,-1.2,-0.9,0.92,0.37,4
4.0,5.0,41.48,-1.6,5.6,0.01,0.59,8
3.0,4.0,36.9,-1.8,0.9,0.49,0.46,2
1.0,4.0,36.33,-0.8,-12.6,1.0,0.16,13
5.0,4.0,23.19,-0.4,5.5,0.01,0.53,9
4.0,4.0,34.98,-2.0,3.9,0.04,0.52,15
4.0,4.0,18.79,1.0,1.3,0.37,0.37,10
4.0,3.0,29.86,-1.7,2.3,0.17,0.45,15
5.0,6.0,25.04,-1.0,6.8,0.0,0.59,5
1.0,6.0,35.74,-1.2,-9.0,1.0,0.26,13
5.0,6.0,18.1,1.4,4.1,0.03,0.5,6
3.0,4.0,48.08,-0.5,1.1,0.43,0.51,13
4.0,4.0,32.09,-1.9,1.6,0.3,0.45,8
5.0,6.0,25.79,-1.2,5.6,0.01,0.55,16
3.0,5.0,19.75,0.6,-1.3,0.96,0.28,6
4.0,5.0,29.75,-1.7,2.8,0.11,0.48,3
3.0,4.0,22.21,-0.1,-0.5,0.86,0.33,13
3.0,6.0,19.87,0.6,-1.3,0.95,0.29,6
3.0,5.0,31.46,-1.6,-2.6,1.0,0.36,12
4.0,6.0,26.14,-1.1,1.8,0.27,0.44,12
4.0,7.0,19.1,1.0,3.1,0.08,0.47,15
5.0,5.0,34.14,-2.2,8.1,0.0,0.62,13
4.0,6.0,16.88,1.5,0.6,0.6,0.34,1
2.0,5.0,23.44,-0.3,-5.4,1.0,0.2,18
3.0,6.0,32.57,-1.6,-3.2,1.0,0.36,18
4.0,6.0,35.81,-2.0,3.2,0.08,0.53,4
3.0,4.0,21.65,0.1,-0.7,0.89,0.32,12
3.0,7.0,17.87,1.1,-0.8,0.9,0.29,1
4.0,5.0,39.26,-1.7,1.6,0.31,0.5,17
3.0,5.0,33.37,-1.8,-0.5,0.86,0.42,13
4.0,7.0,28.7,-1.5,1.1,0.43,0.45,0
3.0,4.0,21.98,-0.0,-1.7,0.97,0.29,18
5.0,4.0,34.79,-2.2,6.7,0.0,0.58,8
5.0,7.0,23.41,-0.5,6.7,0.0,0.59,1
4.0,5.0,21.97,-0.0,1.3,0.38,0.39,18
4.0,5.0,15.87,1.9,1.6,0.32,0.37,8
3.0,6.0,20.36,0.5,0.5,0.61,0.36,8
6.0,5.0,32.29,-2.3,10.2,0.0,0.67,15
5.0,5.0,17.9,1.4,3.6,0.05,0.47,5
5.0,5.0,22.16,-0.1,4.1,0.03,0.49,10
4.0,5.0,36.79,-1.9,3.2,0.08,0.51,5
3.0,6.0,23.93,-0.6,0.3,0.66,0.38,2
3.0,4.0,23.39,-0.4,-1.8,0.98,0.3,11
5.0,3.0,20.64,0.5,6.0,0.0,0.54,18
4.0,5.0,24.22,-0.7,1.4,0.36,0.41,13
4.0,5.0,47.34,-0.7,6.0,0.0,0.61,14
5.0,2.0,36.81,-2.2,10.4,0.0,0.65,2
5.0,5.0,17.65,1.6,4.8,0.02,0.53,4
3.0,5.0,36.52,-1.6,-3.2,1.0,0.38,4
4.0,7.0,18.84,1.0,2.4,0.16,0.44,8
4.0,6.0,32.92,-2.0,3.8,0.05,0.53,8
4.0,5.0,22.56,-0.2,1.5,0.34,0.41,15
3.0,5.0,43.32,-1.1,-1.4,0.96,0.46,19
3.0,6.0,32.73,-1.7,-1.5,0.97,0.4,10
2.0,5.0,26.58,-0.9,-3.8,1.0,0.28,11
3.0,4.0,39.86,-1.4,-1.9,0.98,0.42,5
4.0,7.0,30.26,-1.8,3.7,0.05,0.52,5
3.0,4.0,32.1,-1.8,0.4,0.63,0.42,12
5.0,4.0,31.29,-2.0,6.2,0.0,0.56,18
4.0,4.0,26.83,-1.4,4.3,0.03,0.5,4
3.0,6.0,32.19,-1.6,-3.0,1.0,0.36,3
3.0,6.0,22.99,-0.3,-2.0,0.99,0.31,5
5.0,7.0,37.05,-2.1,6.9,0.0,0.62,2
4.0,6.0,48.53,-0.5,6.2,0.0,0.63,18
4.0,3.0,23.09,-0.4,1.7,0.28,0.4,18
5.0,6.0,19.7,0.8,4.2,0.03,0.5,12
3.0,7.0,31.7,-1.6,-2.9,1.0,0.37,18
3.0,6.0,47.97,-0.5,-2.4,0.99,0.47,15
2.0,5.0,29.24,-1.2,-4.5,1.0,0.29,6
3.0,3.0,38.81,-1.5,-2.9,1.0,0.39,12
4.0,5.0,27.72,-1.4,1.3,0.39,0.43,14
4.0,5.0,30.71,-1.8,2.5,0.15,0.48,12
2.0,4.0,28.55,-1.2,-3.4,1.0,0.3,9
4.0,4.0,32.06,-1.9,2.3,0.18,0.47,6
3.0,4.0,37.56,-1.7,0.7,0.56,0.46,6
1.0,6.0,33.74,-1.2,-8.3,1.0,0.25,7
4.0,5.0,13.83,1.8,0.4,0.63,0.29,19
2.0,5.0,23.83,-0.4,-4.0,1.0,0.25,3
2.0,6.0,29.5,-1.3,-4.2,1.0,0.31,3
4.0,6.0,28.84,-1.6,2.9,0.1,0.48,4
3.0,4.0,38.33,-1.6,-0.2,0.79,0.45,17
3.0,4.0,28.65,-1.5,0.1,0.72,0.4,19
4.0,4.0,33.73,-2.0,3.1,0.08,0.49,9
3.0,4.0,30.55,-1.7,0.4,0.65,0.41,15
5.0,6.0,26.79,-1.4,6.2,0.0,0.57,10
3.0,5.0,31.21,-1.7,-0.3,0.83,0.41,4
2.0,5.0,27.02,-0.9,-6.1,1.0,0.23,17
4.0,4.0,22.08,-0.1,2.9,0.1,0.45,17
2.0,4.0,37.8,-1.3,-6.7,1.0,0.31,14
4.0,5.0,33.76,-1.9,1.5,0.33,0.46,0
3.0,5.0,38.55,-1.7,0.4,0.64,0.47,2
2.0,5.0,36.34,-1.2,-8.4,1.0,0.26,4
2.0,5.0,35.26,-1.4,-6.2,1.0,0.3,10
4.0,6.0,20.78,0.3,0.7,0.55,0.37,5
4.0,3.0,36.6,-2.0,5.7,0.01,0.55,18
2.0,6.0,29.23,-1.3,-4.2,1.0,0.31,13
3.0,5.0,28.79,-1.4,-1.5,0.97,0.37,8
4.0,4.0,25.72,-1.0,1.9,0.25,0.43,10
4.0,5.0,35.84,-2.1,5.8,0.01,0.57,12
4.0,4.0,26.36,-1.2,4.0,0.04,0.49,3
3.0,7.0,35.77,-1.7,-2.0,0.99,0.42,17
5.0,4.0,37.32,-2.0,6.6,0.0,0.59,18
4.0,6.0,21.06,0.3,1.0,0.46,0.39,19
3.0,4.0,23.92,-0.5,-0.9,0.92,0.33,6
4.0,3.0,51.65,0.0,4.3,0.03,0.58,16
2.0,4.0,32.22,-1.4,-5.3,1.0,0.29,8
4.0,7.0,25.95,-1.1,1.8,0.26,0.45,18
2.0,5.0,39.66,-1.2,-6.3,1.0,0.34,17
3.0,6.0,32.41,-1.6,-2.9,1.0,0.37,3
3.0,7.0,33.54,-1.8,-0.8,0.91,0.43,16
4.0,9.0,32.23,-1.9,2.6,0.14,0.52,10
4.0,5.0,45.48,-1.0,4.2,0.03,0.57,7
6.0,4.0,25.8,-1.3,9.6,0.0,0.65,15
3.0,3.0,28.56,-1.4,-0.9,0.92,0.36,5
2.0,5.0,18.65,0.7,-3.9,1.0,0.16,10
3.0,5.0,34.29,-1.8,-0.5,0.87,0.42,15
4.0,5.0,23.36,-0.4,1.0,0.48,0.39,1
2.0,6.0,17.9,0.9,-3.1,1.0,0.18,3
3.0,5.0,24.37,-0.7,-0.3,0.81,0.36,9
3.0,5.0,20.2,0.5,0.5,0.61,0.35,14
1.0,5.0,18.82,0.6,-5.2,1.0,0.12,3
3.0,4.0,18.28,1.0,-1.2,0.94,0.26,18
2.0,4.0,46.57,-0.6,-4.9,1.0,0.4,5
3.0,5.0,22.6,-0.2,-0.2,0.81,0.35,3
3.0,5.0,42.78,-1.1,-3.1,1.0,0.42,16
2.0,5.0,26.82,-1.0,-3.0,1.0,0.31,2
3.0,4.0,20.33,0.4,-2.1,0.99,0.24,5
3.0,4.0,23.78,-0.5,-1.7,0.98,0.3,13
3.0,5.0,34.27,-1.8,0.3,0.67,0.44,2
3.0,5.0,28.26,-1.2,-2.8,1.0,0.32,9
3.0,6.0,19.47,0.7,-0.2,0.8,0.33,8
2.0,4.0,44.02,-0.9,-6.5,1.0,0.35,13
